[
{
  "model": "admin.logentry",
  "pk": 1,
  "fields": {
    "action_time": "2021-01-31T16:27:20.743Z",
    "user": 1,
    "content_type": 8,
    "object_id": "1",
    "object_repr": "58da66d0a49cab7ef737681fc3ef57d5f298c43b",
    "action_flag": 1,
    "change_message": "[{\"added\": {}}]"
  }
},
{
  "model": "admin.logentry",
  "pk": 2,
  "fields": {
    "action_time": "2021-01-31T16:27:35.168Z",
    "user": 1,
    "content_type": 9,
    "object_id": "1",
    "object_repr": "UserColor object (1)",
    "action_flag": 1,
    "change_message": "[{\"added\": {}}]"
  }
},
{
  "model": "admin.logentry",
  "pk": 3,
  "fields": {
    "action_time": "2021-01-31T16:36:26.337Z",
    "user": 1,
    "content_type": 4,
    "object_id": "1",
    "object_repr": "developer",
    "action_flag": 2,
    "change_message": "[{\"changed\": {\"fields\": [\"First name\", \"Last name\"]}}]"
  }
},
{
  "model": "admin.logentry",
  "pk": 4,
  "fields": {
    "action_time": "2021-01-31T16:45:47.085Z",
    "user": 1,
    "content_type": 4,
    "object_id": "2",
    "object_repr": "admin",
    "action_flag": 2,
    "change_message": "[{\"changed\": {\"fields\": [\"Staff status\", \"Superuser status\"]}}]"
  }
},
{
  "model": "admin.logentry",
  "pk": 5,
  "fields": {
    "action_time": "2021-02-02T20:39:48.851Z",
    "user": 1,
    "content_type": 11,
    "object_id": "10",
    "object_repr": "Ип иванов 2021-02-02, Цена: None, Заплачено: 50000.0",
    "action_flag": 3,
    "change_message": ""
  }
},
{
  "model": "admin.logentry",
  "pk": 6,
  "fields": {
    "action_time": "2021-02-02T20:39:48.910Z",
    "user": 1,
    "content_type": 11,
    "object_id": "9",
    "object_repr": "Ип иванов 2021-02-02, Цена: None, Заплачено: 50000.0",
    "action_flag": 3,
    "change_message": ""
  }
},
{
  "model": "admin.logentry",
  "pk": 7,
  "fields": {
    "action_time": "2021-02-02T20:39:48.977Z",
    "user": 1,
    "content_type": 11,
    "object_id": "8",
    "object_repr": "Ип иванов 2021-02-02, Цена: None, Заплачено: 50000.0",
    "action_flag": 3,
    "change_message": ""
  }
},
{
  "model": "admin.logentry",
  "pk": 8,
  "fields": {
    "action_time": "2021-02-03T15:24:00.587Z",
    "user": 1,
    "content_type": 11,
    "object_id": "15",
    "object_repr": "Ип иванов 2021-02-03, Цена: 120.12, Заплачено: 123.2",
    "action_flag": 3,
    "change_message": ""
  }
},
{
  "model": "admin.logentry",
  "pk": 9,
  "fields": {
    "action_time": "2021-02-03T15:24:00.592Z",
    "user": 1,
    "content_type": 11,
    "object_id": "14",
    "object_repr": "Ип иванов 2021-02-03, Цена: 0.0, Заплачено: 0.0",
    "action_flag": 3,
    "change_message": ""
  }
},
{
  "model": "admin.logentry",
  "pk": 10,
  "fields": {
    "action_time": "2021-02-03T15:25:22.006Z",
    "user": 1,
    "content_type": 11,
    "object_id": "16",
    "object_repr": "Ип иванов 2021-02-03, Цена: 1200.12, Заплачено: 1100.19",
    "action_flag": 3,
    "change_message": ""
  }
},
{
  "model": "admin.logentry",
  "pk": 11,
  "fields": {
    "action_time": "2021-02-03T15:26:27.004Z",
    "user": 1,
    "content_type": 11,
    "object_id": "11",
    "object_repr": "Ип иванов 2021-02-02, Цена: None, Заплачено: 50000.0",
    "action_flag": 3,
    "change_message": ""
  }
},
{
  "model": "admin.logentry",
  "pk": 12,
  "fields": {
    "action_time": "2021-02-03T19:25:51.712Z",
    "user": 1,
    "content_type": 11,
    "object_id": "18",
    "object_repr": "Ип иванов 2021-02-03, Цена: 12.2, Заплачено: 10.1",
    "action_flag": 3,
    "change_message": ""
  }
},
{
  "model": "admin.logentry",
  "pk": 13,
  "fields": {
    "action_time": "2021-02-03T19:25:51.715Z",
    "user": 1,
    "content_type": 11,
    "object_id": "17",
    "object_repr": "Ип иванов 2021-02-03, Цена: 136366303.22, Заплачено: 273673.22",
    "action_flag": 3,
    "change_message": ""
  }
},
{
  "model": "admin.logentry",
  "pk": 14,
  "fields": {
    "action_time": "2021-02-03T19:42:55.233Z",
    "user": 1,
    "content_type": 11,
    "object_id": "19",
    "object_repr": "Ип иванов 2021-02-03, Цена: None, Заплачено: 567.89",
    "action_flag": 3,
    "change_message": ""
  }
},
{
  "model": "auth.permission",
  "pk": 1,
  "fields": {
    "name": "Can add log entry",
    "content_type": 1,
    "codename": "add_logentry"
  }
},
{
  "model": "auth.permission",
  "pk": 2,
  "fields": {
    "name": "Can change log entry",
    "content_type": 1,
    "codename": "change_logentry"
  }
},
{
  "model": "auth.permission",
  "pk": 3,
  "fields": {
    "name": "Can delete log entry",
    "content_type": 1,
    "codename": "delete_logentry"
  }
},
{
  "model": "auth.permission",
  "pk": 4,
  "fields": {
    "name": "Can view log entry",
    "content_type": 1,
    "codename": "view_logentry"
  }
},
{
  "model": "auth.permission",
  "pk": 5,
  "fields": {
    "name": "Can add permission",
    "content_type": 2,
    "codename": "add_permission"
  }
},
{
  "model": "auth.permission",
  "pk": 6,
  "fields": {
    "name": "Can change permission",
    "content_type": 2,
    "codename": "change_permission"
  }
},
{
  "model": "auth.permission",
  "pk": 7,
  "fields": {
    "name": "Can delete permission",
    "content_type": 2,
    "codename": "delete_permission"
  }
},
{
  "model": "auth.permission",
  "pk": 8,
  "fields": {
    "name": "Can view permission",
    "content_type": 2,
    "codename": "view_permission"
  }
},
{
  "model": "auth.permission",
  "pk": 9,
  "fields": {
    "name": "Can add group",
    "content_type": 3,
    "codename": "add_group"
  }
},
{
  "model": "auth.permission",
  "pk": 10,
  "fields": {
    "name": "Can change group",
    "content_type": 3,
    "codename": "change_group"
  }
},
{
  "model": "auth.permission",
  "pk": 11,
  "fields": {
    "name": "Can delete group",
    "content_type": 3,
    "codename": "delete_group"
  }
},
{
  "model": "auth.permission",
  "pk": 12,
  "fields": {
    "name": "Can view group",
    "content_type": 3,
    "codename": "view_group"
  }
},
{
  "model": "auth.permission",
  "pk": 13,
  "fields": {
    "name": "Can add user",
    "content_type": 4,
    "codename": "add_user"
  }
},
{
  "model": "auth.permission",
  "pk": 14,
  "fields": {
    "name": "Can change user",
    "content_type": 4,
    "codename": "change_user"
  }
},
{
  "model": "auth.permission",
  "pk": 15,
  "fields": {
    "name": "Can delete user",
    "content_type": 4,
    "codename": "delete_user"
  }
},
{
  "model": "auth.permission",
  "pk": 16,
  "fields": {
    "name": "Can view user",
    "content_type": 4,
    "codename": "view_user"
  }
},
{
  "model": "auth.permission",
  "pk": 17,
  "fields": {
    "name": "Can add content type",
    "content_type": 5,
    "codename": "add_contenttype"
  }
},
{
  "model": "auth.permission",
  "pk": 18,
  "fields": {
    "name": "Can change content type",
    "content_type": 5,
    "codename": "change_contenttype"
  }
},
{
  "model": "auth.permission",
  "pk": 19,
  "fields": {
    "name": "Can delete content type",
    "content_type": 5,
    "codename": "delete_contenttype"
  }
},
{
  "model": "auth.permission",
  "pk": 20,
  "fields": {
    "name": "Can view content type",
    "content_type": 5,
    "codename": "view_contenttype"
  }
},
{
  "model": "auth.permission",
  "pk": 21,
  "fields": {
    "name": "Can add session",
    "content_type": 6,
    "codename": "add_session"
  }
},
{
  "model": "auth.permission",
  "pk": 22,
  "fields": {
    "name": "Can change session",
    "content_type": 6,
    "codename": "change_session"
  }
},
{
  "model": "auth.permission",
  "pk": 23,
  "fields": {
    "name": "Can delete session",
    "content_type": 6,
    "codename": "delete_session"
  }
},
{
  "model": "auth.permission",
  "pk": 24,
  "fields": {
    "name": "Can view session",
    "content_type": 6,
    "codename": "view_session"
  }
},
{
  "model": "auth.permission",
  "pk": 25,
  "fields": {
    "name": "Can add Token",
    "content_type": 7,
    "codename": "add_token"
  }
},
{
  "model": "auth.permission",
  "pk": 26,
  "fields": {
    "name": "Can change Token",
    "content_type": 7,
    "codename": "change_token"
  }
},
{
  "model": "auth.permission",
  "pk": 27,
  "fields": {
    "name": "Can delete Token",
    "content_type": 7,
    "codename": "delete_token"
  }
},
{
  "model": "auth.permission",
  "pk": 28,
  "fields": {
    "name": "Can view Token",
    "content_type": 7,
    "codename": "view_token"
  }
},
{
  "model": "auth.permission",
  "pk": 29,
  "fields": {
    "name": "Can add token",
    "content_type": 8,
    "codename": "add_tokenproxy"
  }
},
{
  "model": "auth.permission",
  "pk": 30,
  "fields": {
    "name": "Can change token",
    "content_type": 8,
    "codename": "change_tokenproxy"
  }
},
{
  "model": "auth.permission",
  "pk": 31,
  "fields": {
    "name": "Can delete token",
    "content_type": 8,
    "codename": "delete_tokenproxy"
  }
},
{
  "model": "auth.permission",
  "pk": 32,
  "fields": {
    "name": "Can view token",
    "content_type": 8,
    "codename": "view_tokenproxy"
  }
},
{
  "model": "auth.permission",
  "pk": 33,
  "fields": {
    "name": "Can add user color",
    "content_type": 9,
    "codename": "add_usercolor"
  }
},
{
  "model": "auth.permission",
  "pk": 34,
  "fields": {
    "name": "Can change user color",
    "content_type": 9,
    "codename": "change_usercolor"
  }
},
{
  "model": "auth.permission",
  "pk": 35,
  "fields": {
    "name": "Can delete user color",
    "content_type": 9,
    "codename": "delete_usercolor"
  }
},
{
  "model": "auth.permission",
  "pk": 36,
  "fields": {
    "name": "Can view user color",
    "content_type": 9,
    "codename": "view_usercolor"
  }
},
{
  "model": "auth.permission",
  "pk": 37,
  "fields": {
    "name": "Can add client",
    "content_type": 10,
    "codename": "add_client"
  }
},
{
  "model": "auth.permission",
  "pk": 38,
  "fields": {
    "name": "Can change client",
    "content_type": 10,
    "codename": "change_client"
  }
},
{
  "model": "auth.permission",
  "pk": 39,
  "fields": {
    "name": "Can delete client",
    "content_type": 10,
    "codename": "delete_client"
  }
},
{
  "model": "auth.permission",
  "pk": 40,
  "fields": {
    "name": "Can view client",
    "content_type": 10,
    "codename": "view_client"
  }
},
{
  "model": "auth.permission",
  "pk": 41,
  "fields": {
    "name": "Can add un loading",
    "content_type": 11,
    "codename": "add_unloading"
  }
},
{
  "model": "auth.permission",
  "pk": 42,
  "fields": {
    "name": "Can change un loading",
    "content_type": 11,
    "codename": "change_unloading"
  }
},
{
  "model": "auth.permission",
  "pk": 43,
  "fields": {
    "name": "Can delete un loading",
    "content_type": 11,
    "codename": "delete_unloading"
  }
},
{
  "model": "auth.permission",
  "pk": 44,
  "fields": {
    "name": "Can view un loading",
    "content_type": 11,
    "codename": "view_unloading"
  }
},
{
  "model": "auth.user",
  "pk": 1,
  "fields": {
    "password": "pbkdf2_sha256$216000$IJyLMo3PVa11$VNisoBMJmlV8L7VumKPbkHTS9YTYjJ73AujbkTs8zpc=",
    "last_login": "2021-02-06T09:47:51.707Z",
    "is_superuser": true,
    "username": "developer",
    "first_name": "Влад",
    "last_name": "Думанский",
    "email": "vladandum08@gmail.com",
    "is_staff": true,
    "is_active": true,
    "date_joined": "2021-01-31T16:26:53Z",
    "groups": [],
    "user_permissions": []
  }
},
{
  "model": "auth.user",
  "pk": 2,
  "fields": {
    "password": "pbkdf2_sha256$216000$CRe8UYtA3Rwz$zsRorQ91uLZljC2adSPP1MWSBx50sEq4RNDSYKoEo24=",
    "last_login": "2021-02-07T17:44:16.611Z",
    "is_superuser": true,
    "username": "admin",
    "first_name": "Алексей",
    "last_name": "Калдушка",
    "email": "adamin@admin.com",
    "is_staff": true,
    "is_active": true,
    "date_joined": "2021-01-31T16:45:28Z",
    "groups": [],
    "user_permissions": []
  }
},
{
  "model": "auth.user",
  "pk": 3,
  "fields": {
    "password": "pbkdf2_sha256$216000$Xe1fQQyvbwqu$mhFm0G/SkR89Fs4evc8rtbR0gj7dbAKsggjMVzXkUD0=",
    "last_login": null,
    "is_superuser": false,
    "username": "375337758172",
    "first_name": "Андрей",
    "last_name": "Абрамчик",
    "email": "efirtv_a@gmail.com",
    "is_staff": false,
    "is_active": true,
    "date_joined": "2021-02-02T15:26:41.172Z",
    "groups": [],
    "user_permissions": []
  }
},
{
  "model": "auth.user",
  "pk": 4,
  "fields": {
    "password": "pbkdf2_sha256$216000$wmov2zh55o9U$pcolrL10tSEOokAKEBLQucyiiffXBiW+9QAsVmP5iYk=",
    "last_login": null,
    "is_superuser": false,
    "username": "375297758172",
    "first_name": "Андрей",
    "last_name": "Абрамчик",
    "email": "",
    "is_staff": false,
    "is_active": true,
    "date_joined": "2021-02-03T08:37:03.068Z",
    "groups": [],
    "user_permissions": []
  }
},
{
  "model": "auth.user",
  "pk": 5,
  "fields": {
    "password": "pbkdf2_sha256$216000$ABeQmJ806Z9Z$uuvKa1o5pFkflG82wDVWnEWHzSwFh3ayI3F8PgZ+PG8=",
    "last_login": null,
    "is_superuser": false,
    "username": "375293885755",
    "first_name": "Павел",
    "last_name": "",
    "email": "",
    "is_staff": false,
    "is_active": true,
    "date_joined": "2021-02-03T11:22:25.264Z",
    "groups": [],
    "user_permissions": []
  }
},
{
  "model": "contenttypes.contenttype",
  "pk": 1,
  "fields": {
    "app_label": "admin",
    "model": "logentry"
  }
},
{
  "model": "contenttypes.contenttype",
  "pk": 2,
  "fields": {
    "app_label": "auth",
    "model": "permission"
  }
},
{
  "model": "contenttypes.contenttype",
  "pk": 3,
  "fields": {
    "app_label": "auth",
    "model": "group"
  }
},
{
  "model": "contenttypes.contenttype",
  "pk": 4,
  "fields": {
    "app_label": "auth",
    "model": "user"
  }
},
{
  "model": "contenttypes.contenttype",
  "pk": 5,
  "fields": {
    "app_label": "contenttypes",
    "model": "contenttype"
  }
},
{
  "model": "contenttypes.contenttype",
  "pk": 6,
  "fields": {
    "app_label": "sessions",
    "model": "session"
  }
},
{
  "model": "contenttypes.contenttype",
  "pk": 7,
  "fields": {
    "app_label": "authtoken",
    "model": "token"
  }
},
{
  "model": "contenttypes.contenttype",
  "pk": 8,
  "fields": {
    "app_label": "authtoken",
    "model": "tokenproxy"
  }
},
{
  "model": "contenttypes.contenttype",
  "pk": 9,
  "fields": {
    "app_label": "rules",
    "model": "usercolor"
  }
},
{
  "model": "contenttypes.contenttype",
  "pk": 10,
  "fields": {
    "app_label": "clients",
    "model": "client"
  }
},
{
  "model": "contenttypes.contenttype",
  "pk": 11,
  "fields": {
    "app_label": "clients",
    "model": "unloading"
  }
},
{
  "model": "sessions.session",
  "pk": "07gpqk4956r7nghxfwbibeg01eu1hbtj",
  "fields": {
    "session_data": ".eJxVjDsOwyAQBe9CHSGD-aZM7zOghV2CkwgkY1dR7h5bcpG0b2bemwXY1hK2TkuYkV2ZYJffLUJ6Uj0APqDeG0-trssc-aHwk3Y-NaTX7XT_Dgr0stcejIoyIw0yxlFhJpfJE4yDMjJ5JJFd1B527hGcSOSlsmNS1mpttGWfLwyFOEY:1l6FYz:VG_DSH5qoUrEI8RVtUbWr2H4iCjZvy2HfNf0CWk36Xo",
    "expire_date": "2021-02-14T16:27:01.731Z"
  }
},
{
  "model": "sessions.session",
  "pk": "h13lhxmg0kvxv5msf1og89zsuvadk2mx",
  "fields": {
    "session_data": ".eJxVjDsOwyAQBe9CHSGD-aZM7zOghV2CkwgkY1dR7h5bcpG0b2bemwXY1hK2TkuYkV2ZYJffLUJ6Uj0APqDeG0-trssc-aHwk3Y-NaTX7XT_Dgr0stcejIoyIw0yxlFhJpfJE4yDMjJ5JJFd1B527hGcSOSlsmNS1mpttGWfLwyFOEY:1l8KBz:KeXnL94CgV-feERgur-nqIEH_qB5zW-6eDxVZcRI18o",
    "expire_date": "2021-02-20T09:47:51.711Z"
  }
},
{
  "model": "sessions.session",
  "pk": "n4nj6hrwczqgco8yr165d894abnyga2n",
  "fields": {
    "session_data": ".eJxVjDsOwyAQBe9CHSGD-aZM7zOghV2CkwgkY1dR7h5bcpG0b2bemwXY1hK2TkuYkV2ZYJffLUJ6Uj0APqDeG0-trssc-aHwk3Y-NaTX7XT_Dgr0stcejIoyIw0yxlFhJpfJE4yDMjJ5JJFd1B527hGcSOSlsmNS1mpttGWfLwyFOEY:1l6ylk:9dZhAjiEsw5f-6ETxy9UJ5SgBrbZxiiWQNuZW_f1GFA",
    "expire_date": "2021-02-16T16:43:12.237Z"
  }
},
{
  "model": "sessions.session",
  "pk": "wv0dp7sqlgtjnj07tq6vbwk7ms5vt4f7",
  "fields": {
    "session_data": ".eJxVjEEOwiAQRe_C2pBCKRSX7j0DGWYGqRpISrsy3l1JutDtf-_9lwiwbznsjdewkDgLLU6_WwR8cOmA7lBuVWIt27pE2RV50Cavlfh5Ody_gwwt9xpBjxxt1AYIVbLsnHYpgkX0SU3DQBOlGZmi9sowKhy94RlMUvj1xfsDH985dg:1l8o6a:VKTbyd7uLBLxhW6y9qmUp8leReHRUYghO1nZtvcHF5Y",
    "expire_date": "2021-02-21T17:44:16.614Z"
  }
},
{
  "model": "sessions.session",
  "pk": "xdhc0lbb4cv6g710uudwilwdggtg2l81",
  "fields": {
    "session_data": ".eJxVjDsOwyAQBe9CHSGD-aZM7zOghV2CkwgkY1dR7h5bcpG0b2bemwXY1hK2TkuYkV2ZYJffLUJ6Uj0APqDeG0-trssc-aHwk3Y-NaTX7XT_Dgr0stcejIoyIw0yxlFhJpfJE4yDMjJ5JJFd1B527hGcSOSlsmNS1mpttGWfLwyFOEY:1l8KBz:KeXnL94CgV-feERgur-nqIEH_qB5zW-6eDxVZcRI18o",
    "expire_date": "2021-02-20T09:47:51.465Z"
  }
},
{
  "model": "authtoken.token",
  "pk": "38355427a0d09fd06733e28656c6e0c5dc582614",
  "fields": {
    "user": 4,
    "created": "2021-02-03T08:37:03.238Z"
  }
},
{
  "model": "authtoken.token",
  "pk": "41b8148bc7f7f5c7d3f572b8a9ca1e3dda733317",
  "fields": {
    "user": 3,
    "created": "2021-02-02T15:26:41.341Z"
  }
},
{
  "model": "authtoken.token",
  "pk": "58da66d0a49cab7ef737681fc3ef57d5f298c43b",
  "fields": {
    "user": 1,
    "created": "2021-01-31T16:27:20.739Z"
  }
},
{
  "model": "authtoken.token",
  "pk": "cb6a7349c962685bf6535d702249a0326ed68909",
  "fields": {
    "user": 5,
    "created": "2021-02-03T11:22:25.434Z"
  }
},
{
  "model": "authtoken.token",
  "pk": "e71600e78dc75017bd206a7aaf178ac7cc02e213",
  "fields": {
    "user": 2,
    "created": "2021-01-31T16:45:29.228Z"
  }
},
{
  "model": "rules.usercolor",
  "pk": 1,
  "fields": {
    "user": 1,
    "color": "black"
  }
},
{
  "model": "rules.usercolor",
  "pk": 2,
  "fields": {
    "user": 2,
    "color": "#607D8B"
  }
},
{
  "model": "rules.usercolor",
  "pk": 3,
  "fields": {
    "user": 3,
    "color": "#3F51B5"
  }
},
{
  "model": "rules.usercolor",
  "pk": 4,
  "fields": {
    "user": 4,
    "color": "#673AB7"
  }
},
{
  "model": "rules.usercolor",
  "pk": 5,
  "fields": {
    "user": 5,
    "color": "#E91E63"
  }
},
{
  "model": "clients.client",
  "pk": 1,
  "fields": {
    "name": "Ип иванов",
    "description": "375291475930"
  }
},
{
  "model": "clients.client",
  "pk": 2,
  "fields": {
    "name": "Ип иванов2",
    "description": "375291475930"
  }
},
{
  "model": "clients.client",
  "pk": 3,
  "fields": {
    "name": "Иванов 3",
    "description": "111111111"
  }
},
{
  "model": "clients.client",
  "pk": 4,
  "fields": {
    "name": "Иванов 4",
    "description": "4577"
  }
},
{
  "model": "clients.client",
  "pk": 5,
  "fields": {
    "name": "Иванов 7",
    "description": "23457"
  }
},
{
  "model": "clients.client",
  "pk": 6,
  "fields": {
    "name": "Иванов 12",
    "description": "Йн"
  }
},
{
  "model": "clients.client",
  "pk": 7,
  "fields": {
    "name": "Иванов 13",
    "description": "Йцуен"
  }
},
{
  "model": "clients.client",
  "pk": 8,
  "fields": {
    "name": "Иванов",
    "description": "13556"
  }
},
{
  "model": "clients.client",
  "pk": 9,
  "fields": {
    "name": "Максим",
    "description": "Йукн"
  }
},
{
  "model": "clients.client",
  "pk": 10,
  "fields": {
    "name": "Рынок",
    "description": "Упрл"
  }
},
{
  "model": "clients.client",
  "pk": 11,
  "fields": {
    "name": "Иппо",
    "description": "Мтлл"
  }
},
{
  "model": "clients.client",
  "pk": 12,
  "fields": {
    "name": "Несвиж Саша",
    "description": "Куба"
  }
},
{
  "model": "clients.client",
  "pk": 13,
  "fields": {
    "name": "Минск Кондратович В",
    "description": "Володя К"
  }
},
{
  "model": "clients.client",
  "pk": 14,
  "fields": {
    "name": "Минск Олег",
    "description": "Телеспутник"
  }
},
{
  "model": "clients.client",
  "pk": 15,
  "fields": {
    "name": "Володя рынок Карты",
    "description": "Карты оплаты"
  }
},
{
  "model": "clients.client",
  "pk": 16,
  "fields": {
    "name": "Володя рынок",
    "description": "Товар"
  }
},
{
  "model": "clients.client",
  "pk": 17,
  "fields": {
    "name": "Сергей Молодечно",
    "description": "Прямой конкурент"
  }
},
{
  "model": "clients.client",
  "pk": 18,
  "fields": {
    "name": "Молодечно Сергей",
    "description": "Рынок"
  }
},
{
  "model": "clients.client",
  "pk": 19,
  "fields": {
    "name": "Дятлово Сергей",
    "description": "Картошка"
  }
},
{
  "model": "clients.unloading",
  "pk": 1,
  "fields": {
    "client": 1,
    "details": "Триколор",
    "date": "2021-02-02",
    "price": 500.0,
    "alredy_paid": 385.0,
    "workers": [
      2
    ]
  }
},
{
  "model": "clients.unloading",
  "pk": 2,
  "fields": {
    "client": 1,
    "details": "Триколор",
    "date": "2021-02-02",
    "price": 270.0,
    "alredy_paid": 0.0,
    "workers": [
      2
    ]
  }
},
{
  "model": "clients.unloading",
  "pk": 3,
  "fields": {
    "client": 9,
    "details": "Стоит",
    "date": "2021-02-02",
    "price": 300.0,
    "alredy_paid": 366.0,
    "workers": [
      2
    ]
  }
},
{
  "model": "clients.unloading",
  "pk": 4,
  "fields": {
    "client": 5,
    "details": "Огдрг",
    "date": "2021-02-02",
    "price": 3688.0,
    "alredy_paid": 578.0,
    "workers": [
      2
    ]
  }
},
{
  "model": "clients.unloading",
  "pk": 5,
  "fields": {
    "client": 10,
    "details": "Допрос",
    "date": "2021-02-02",
    "price": 5789.0,
    "alredy_paid": 3222.0,
    "workers": [
      2
    ]
  }
},
{
  "model": "clients.unloading",
  "pk": 6,
  "fields": {
    "client": 1,
    "details": "Рвнри",
    "date": "2021-02-02",
    "price": 1233.0,
    "alredy_paid": 233.0,
    "workers": [
      2
    ]
  }
},
{
  "model": "clients.unloading",
  "pk": 7,
  "fields": {
    "client": 10,
    "details": "Твдвщвл",
    "date": "2021-02-02",
    "price": 73737.0,
    "alredy_paid": 34467.0,
    "workers": [
      2
    ]
  }
},
{
  "model": "clients.unloading",
  "pk": 12,
  "fields": {
    "client": 10,
    "details": "Триколор",
    "date": "2021-02-03",
    "price": 5666.0,
    "alredy_paid": 377.0,
    "workers": [
      3
    ]
  }
},
{
  "model": "clients.unloading",
  "pk": 13,
  "fields": {
    "client": 10,
    "details": "Триколор",
    "date": "2021-02-03",
    "price": 150.0,
    "alredy_paid": 75.0,
    "workers": [
      5
    ]
  }
},
{
  "model": "clients.unloading",
  "pk": 20,
  "fields": {
    "client": 10,
    "details": "",
    "date": "2021-02-04",
    "price": null,
    "alredy_paid": 55555.6,
    "workers": []
  }
},
{
  "model": "clients.unloading",
  "pk": 21,
  "fields": {
    "client": 1,
    "details": "Vgfd",
    "date": "2021-02-04",
    "price": 55.6,
    "alredy_paid": 29.5,
    "workers": [
      3
    ]
  }
},
{
  "model": "clients.unloading",
  "pk": 22,
  "fields": {
    "client": 1,
    "details": "",
    "date": "2021-02-04",
    "price": null,
    "alredy_paid": 500.0,
    "workers": []
  }
},
{
  "model": "clients.unloading",
  "pk": 23,
  "fields": {
    "client": 10,
    "details": "Тюнер 528",
    "date": "2021-02-04",
    "price": 60.0,
    "alredy_paid": 60.0,
    "workers": [
      3
    ]
  }
},
{
  "model": "clients.unloading",
  "pk": 24,
  "fields": {
    "client": 9,
    "details": "Триколор",
    "date": "2021-02-05",
    "price": 45.0,
    "alredy_paid": 0.0,
    "workers": [
      5
    ]
  }
},
{
  "model": "clients.unloading",
  "pk": 25,
  "fields": {
    "client": 9,
    "details": "Ниа",
    "date": "2021-02-05",
    "price": 57.6,
    "alredy_paid": 0.0,
    "workers": [
      3
    ]
  }
},
{
  "model": "clients.unloading",
  "pk": 26,
  "fields": {
    "client": 9,
    "details": "",
    "date": "2021-02-05",
    "price": null,
    "alredy_paid": 145.0,
    "workers": []
  }
},
{
  "model": "clients.unloading",
  "pk": 27,
  "fields": {
    "client": 10,
    "details": "Триуолор",
    "date": "2021-02-07",
    "price": 460.0,
    "alredy_paid": 500.5,
    "workers": [
      4
    ]
  }
},
{
  "model": "clients.unloading",
  "pk": 28,
  "fields": {
    "client": 10,
    "details": "Карты",
    "date": "2021-02-07",
    "price": 10000.0,
    "alredy_paid": 0.0,
    "workers": [
      5
    ]
  }
},
{
  "model": "clients.unloading",
  "pk": 29,
  "fields": {
    "client": 1,
    "details": "",
    "date": "2021-02-09",
    "price": null,
    "alredy_paid": 500.0,
    "workers": []
  }
},
{
  "model": "clients.unloading",
  "pk": 30,
  "fields": {
    "client": 12,
    "details": "Единый 21.5 и Детский 16",
    "date": "2021-02-09",
    "price": 37.5,
    "alredy_paid": 0.0,
    "workers": [
      3
    ]
  }
},
{
  "model": "clients.unloading",
  "pk": 31,
  "fields": {
    "client": 13,
    "details": "Е.Ультранд 10шт 2315/73.98 31.29",
    "date": "2021-02-09",
    "price": 312.9,
    "alredy_paid": 0.0,
    "workers": [
      4
    ]
  }
},
{
  "model": "clients.unloading",
  "pk": 32,
  "fields": {
    "client": 18,
    "details": "Sx2 combo 7x21",
    "date": "2021-02-10",
    "price": 147.0,
    "alredy_paid": 0.0,
    "workers": [
      4
    ]
  }
},
{
  "model": "clients.unloading",
  "pk": 33,
  "fields": {
    "client": 19,
    "details": "Емл 21.5",
    "date": "2021-02-10",
    "price": 21.5,
    "alredy_paid": 0.0,
    "workers": [
      4
    ]
  }
}
]
